Slug,Waypoint Type,No. Drones,No. Targets,MTSP Algorithm,Min Distance,Mean Distance,Max Distance,Total Distance,Score
blocks_14_hill_3,Blocks,3,14,HILL,372.9126052856445,389.915205637614,417.3780174255371,1169.7456169128418,1587.123634338379
blocks_14_ga_3,Blocks,3,14,GA,286.6371765136719,395.0506782531738,473.6586837768554,1185.1520347595217,1658.810718536377
blocks_14_aco_3,Blocks,3,14,ACO,372.0610008239746,389.3789342244466,417.5952301025391,1168.1368026733398,1585.732032775879
blocks_14_tabu_3,Blocks,3,14,TABU,372.0610008239746,389.3789342244466,417.59523010253906,1168.1368026733398,1585.732032775879
