Slug,Waypoint Type,No Drones,MTSP Algorithm,RL Algorithm,Action Type,Calc Mean Distance,Calc Total Distance,Real Mean Distance,Real Total Distance,Average Time,Elapsed Time
blocks_hill_ppo_disc_airsim_3,Blocks,3,HILL,PPO,Disc,389.915205637614,1169.7456169128418,443.27950714621306,1329.8385214386392,981.5664965311686,1033.9270782470703
blocks_tabu_ppo_cont_airsim_3,Blocks,3,TABU,PPO,Cont,389.3789342244466,1168.1368026733398,449.3477549892054,1348.043264967616,691.2233572800955,722.182199716568
blocks_tabu_ppo_disc_airsim_3,Blocks,3,TABU,PPO,Disc,389.3789342244466,1168.1368026733398,445.76924726306834,1337.307741789205,747.3077484766642,790.7416501045227
