Slug,Algorithm,Action,Waypoints,Gamma,LR,Reward Mean,Reward Max,Training Time
ppo_cont_multiple,ppo,cont,multiple,0.7,1e-05,-149.4199423531049,555.1292718344791,2732.4890847206116
ppo_cont_single,ppo,cont,single,0.7,1e-05,55.966297811934076,298.6565324271577,2538.821256875992
marwil_cont_multiple,marwil,cont,multiple,0.99,0.001,-214.34347488868892,-200.0,169.20389533042908
marwil_cont_single,marwil,cont,single,0.99,0.001,-214.44004867229216,-201.8429130919705,207.69160103797913
sac_cont_multiple,sac,cont,multiple,0.9,1e-05,-353.11540941044194,-163.0979851154165,9389.931864976883
sac_cont_single,sac,cont,single,0.99,1e-06,-262.0032738259519,263.4610886203898,11726.139798641205
