Slug,Waypoint Type,No. Drones,No. Targets,MTSP Algorithm,Min Distance,Mean Distance,Max Distance,Total Distance,Score,Time
random_50_50_hill_2,Random_50,2,50,HILL,4030.35219556162,4681.795205333256,5333.238215104892,9363.590410666511,14696.828625771404,1.06178879737854
random_50_50_ga_2,Random_50,2,50,GA,7225.080682649348,7429.612549168431,7634.144415687513,14859.22509833686,22493.369514024373,79.25240802764893
random_50_50_aco_2,Random_50,2,50,ACO,3290.7149654628874,3639.078218890171,3987.441472317454,7278.156437780342,11265.597910097797,22.97102928161621
random_50_50_tabu_2,Random_50,2,50,TABU,3428.8850702495456,3531.930531156202,3634.9759920628585,7063.861062312404,10698.837054375264,71.87624669075012
random_50_50_hill_3,Random_50,3,50,HILL,2508.657767080209,2998.067600110945,3577.990033462526,8994.202800332834,12572.19283379536,1.033172845840454
random_50_50_ga_3,Random_50,3,50,GA,4614.097356522993,5288.825109690994,5654.170525554165,15866.475329072982,21520.645854627142,80.69297361373901
random_50_50_aco_3,Random_50,3,50,ACO,2091.530663005246,2640.323477162452,3641.778395335831,7920.970431487356,11562.748826823186,23.399746656417847
random_50_50_tabu_3,Random_50,3,50,TABU,2808.113616287866,2865.2505082429057,2927.6834079551413,8595.751524728717,11523.434932683858,72.5357882976532
random_50_50_hill_5,Random_50,5,50,HILL,663.6820784820582,1811.9765101463745,2510.7864341448526,9059.882550731872,11570.668984876726,1.0700020790100098
random_50_50_ga_5,Random_50,5,50,GA,2223.637655282794,3037.3434983554303,3938.858651810264,15186.717491777152,19125.576143587416,82.99462270736694
random_50_50_aco_5,Random_50,5,50,ACO,1155.5571736655877,1752.921021804587,2073.001295145487,8764.605109022936,10837.606404168422,26.71495223045349
random_50_50_tabu_5,Random_50,5,50,TABU,2326.187182086256,2612.87578083165,2784.4632887763787,13064.37890415825,15848.842192934628,76.10914468765259