Slug,Waypoint Type,No. Drones,No. Targets,MTSP Algorithm,Min Distance,Mean Distance,Max Distance,Total Distance,Score,Time
random_20_20_hill_2,Random_20,2,20,HILL,1072.6711494543722,1166.889301249205,1261.1074530440371,2333.7786024984093,3594.8860555424462,0.8545260429382324
random_20_20_ga_2,Random_20,2,20,GA,1181.069833437983,1234.6068728204116,1288.14391220284,2469.213745640823,3757.357657843663,34.36062836647034
random_20_20_aco_2,Random_20,2,20,ACO,932.642918124284,958.0606749926152,983.4784318609464,1916.1213499852304,2899.5997818461765,2.983216047286988
random_20_20_tabu_2,Random_20,2,20,TABU,918.0471910599712,934.0254174504374,950.0036438409036,1868.0508349008749,2818.0544787417784,30.735996961593628
random_20_20_hill_3,Random_20,3,20,HILL,378.3604621253138,735.518292692965,1073.161843701289,2206.554878078895,3279.716721780184,0.8856072425842285
random_20_20_ga_3,Random_20,3,20,GA,800.9862467797918,882.1497138235105,927.5237298290866,2646.449141470532,3573.9728712996184,34.26661467552185
random_20_20_aco_3,Random_20,3,20,ACO,460.7330803526247,714.8879163101006,844.6124042745212,2144.663748930302,2989.2761532048235,3.591996431350708
random_20_20_tabu_3,Random_20,3,20,TABU,669.8074074978975,697.9205453925232,723.3905676171617,2093.761636177569,2817.152203794731,31.40761160850525
random_20_20_hill_5,Random_20,5,20,HILL,114.692089420167,456.5263278109495,888.2582960674245,2282.631639054747,3170.889935122172,0.9588308334350586
random_20_20_ga_5,Random_20,5,20,GA,374.7304336461745,484.275043835326,573.4049475390357,2421.37521917663,2994.780166715665,38.70373010635376
random_20_20_aco_5,Random_20,5,20,ACO,300.2090804895969,481.0893824558404,590.9122873204227,2405.446912279202,2996.359199599625,5.024476051330566
random_20_20_tabu_5,Random_20,5,20,TABU,415.6279344558865,462.5247776071831,521.199590267274,2312.623888035916,2833.8234783031894,34.84874081611633