Slug,Waypoint Type,RL Algorithm,Action Type,Success Rate,Distance,Elevation,Time
single_disc_ppo,Single,PPO,disc,1.0,116.75023270048216,6.407917022705078,113.97293186187744
single_cont_ppo,Single,PPO,cont,1.0,119.0334458716802,11.345365166664124,114.26972007751463
multiple_disc_ppo,Multiple,PPO,disc,0.8,280.0275665357551,9.025210976600649,280.16867184638977
multiple_cont_ppo,Multiple,PPO,cont,0.8,297.9556029610903,8.847543001174927,276.2785608768463
obstacle_disc_ppo,Obstacle,PPO,disc,1.0,100.62204237716442,16.349552035331726,110.42726039886476
obstacle_cont_ppo,Obstacle,PPO,cont,1.0,106.11304106189712,20.92836081981659,97.40860939025879
